-- phpMyAdmin SQL Dump
-- version 5.2.0
-- https://www.phpmyadmin.net/
--
-- Host: 127.0.0.1
-- Generation Time: Jun 16, 2023 at 04:08 PM
-- Server version: 10.4.28-MariaDB
-- PHP Version: 8.2.4

SET SQL_MODE = "NO_AUTO_VALUE_ON_ZERO";
START TRANSACTION;
SET time_zone = "+00:00";


/*!40101 SET @OLD_CHARACTER_SET_CLIENT=@@CHARACTER_SET_CLIENT */;
/*!40101 SET @OLD_CHARACTER_SET_RESULTS=@@CHARACTER_SET_RESULTS */;
/*!40101 SET @OLD_COLLATION_CONNECTION=@@COLLATION_CONNECTION */;
/*!40101 SET NAMES utf8mb4 */;

--
-- Database: `ofbms_db`
--

-- --------------------------------------------------------

--
-- Table structure for table `admin`
--

CREATE TABLE `admin` (
  `admin_id` int(11) NOT NULL,
  `admin_uname` varchar(20) NOT NULL,
  `admin_email` varchar(50) NOT NULL,
  `admin_pwd` varchar(100) NOT NULL
) ENGINE=InnoDB DEFAULT CHARSET=latin1 COLLATE=latin1_swedish_ci;

--
-- Dumping data for table `admin`
--

INSERT INTO `admin` (`admin_id`, `admin_uname`, `admin_email`, `admin_pwd`) VALUES
(1, 'admin', 'admin@mail.com', '$2y$10$AFMhdlwEaWjjBzoCfdq62uNQqopNGW4vk8GXrDBNGKPAgB0mON0TC');

-- --------------------------------------------------------

--
-- Table structure for table `airline`
--

CREATE TABLE `airline` (
  `airline_id` int(11) NOT NULL,
  `name` varchar(20) NOT NULL,
  `seats` int(11) NOT NULL
) ENGINE=InnoDB DEFAULT CHARSET=latin1 COLLATE=latin1_swedish_ci;

--
-- Dumping data for table `airline`
--

INSERT INTO `airline` (`airline_id`, `name`, `seats`) VALUES
(4, 'Indigo', 250),
(5, 'Air India', 300),
(6, 'Spice Jet', 200),
(7, 'Vistara', 250),
(8, 'Spice Jet', 300),
(9, 'sample', 250);

-- --------------------------------------------------------

--
-- Table structure for table `cities`
--

CREATE TABLE `cities` (
  `city` varchar(20) NOT NULL
) ENGINE=InnoDB DEFAULT CHARSET=latin1 COLLATE=latin1_swedish_ci;

--
-- Dumping data for table `cities`
--

INSERT INTO `cities` (`city`) VALUES
('Delhi'),
('Mumbai'),
('Pune'),
('Banglore'),
('Goa'),
('Australia'),
('Canada');

-- --------------------------------------------------------

--
-- Table structure for table `feedback`
--

CREATE TABLE `feedback` (
  `feed_id` int(11) NOT NULL,
  `email` varchar(50) NOT NULL,
  `q1` varchar(250) NOT NULL,
  `q2` varchar(20) NOT NULL,
  `q3` varchar(250) NOT NULL,
  `rate` int(11) NOT NULL
) ENGINE=InnoDB DEFAULT CHARSET=latin1 COLLATE=latin1_swedish_ci;

-- --------------------------------------------------------

--
-- Table structure for table `flight`
--

CREATE TABLE `flight` (
  `flight_id` int(11) NOT NULL,
  `admin_id` int(11) NOT NULL,
  `arrivale` datetime NOT NULL,
  `departure` datetime NOT NULL,
  `Destination` varchar(20) NOT NULL,
  `source` varchar(20) NOT NULL,
  `airline` varchar(20) NOT NULL,
  `Seats` varchar(110) NOT NULL,
  `duration` varchar(20) NOT NULL,
  `Price` int(11) NOT NULL,
  `status` varchar(6) DEFAULT NULL,
  `issue` varchar(50) DEFAULT NULL,
  `last_seat` varchar(5) DEFAULT '',
  `bus_seats` int(11) DEFAULT 20,
  `last_bus_seat` varchar(5) DEFAULT ''
) ENGINE=InnoDB DEFAULT CHARSET=latin1 COLLATE=latin1_swedish_ci;

--
-- Dumping data for table `flight`
--

INSERT INTO `flight` (`flight_id`, `admin_id`, `arrivale`, `departure`, `Destination`, `source`, `airline`, `Seats`, `duration`, `Price`, `status`, `issue`, `last_seat`, `bus_seats`, `last_bus_seat`) VALUES
(10, 1, '2023-06-20 15:08:00', '2023-06-18 19:13:00', 'Canada', 'Delhi', 'Indigo', '60', '20 Hours', 150465, '', '', '', 20, ''),
(11, 1, '2023-06-16 22:12:00', '2023-06-16 20:17:00', 'Pune', 'Delhi', 'Spice Jet', '60', '2 Hours', 7800, 'arr', 'solved', '21A', 20, ''),
(12, 1, '2023-06-17 14:35:00', '2023-06-17 12:33:00', 'Goa', 'Banglore', 'Spice Jet', '60', '2 Hours', 6578, '', '', '21B', 20, ''),
(13, 1, '2023-06-20 22:12:00', '2023-06-20 20:08:00', 'Goa', 'Delhi', 'sample', '60', '2 Hours', 7458, '', '', '', 20, ''),
(14, 1, '2023-06-17 00:56:00', '2023-06-16 21:42:00', 'Goa', 'Mumbai', 'Indigo', '60', '3 Hours', 9546, 'arr', '', '21A', 20, ''),
(15, 1, '2023-06-16 21:19:00', '2023-06-16 20:19:00', 'Mumbai', 'Delhi', 'sample', '59', '2 Hours', 6895, '', '', '21A', 20, '');

-- --------------------------------------------------------

--
-- Table structure for table `passenger_profile`
--

CREATE TABLE `passenger_profile` (
  `passenger_id` int(11) NOT NULL,
  `user_id` int(11) NOT NULL,
  `flight_id` int(11) NOT NULL,
  `mobile` varchar(110) NOT NULL,
  `dob` datetime NOT NULL,
  `f_name` varchar(20) DEFAULT NULL,
  `m_name` varchar(20) DEFAULT NULL,
  `l_name` varchar(20) DEFAULT NULL
) ENGINE=InnoDB DEFAULT CHARSET=latin1 COLLATE=latin1_swedish_ci;

--
-- Dumping data for table `passenger_profile`
--

INSERT INTO `passenger_profile` (`passenger_id`, `user_id`, `flight_id`, `mobile`, `dob`, `f_name`, `m_name`, `l_name`) VALUES
(1, 8, 12, '7894561230', '1978-04-11 00:00:00', 'Testing', 'T', 'A'),
(2, 10, 12, '7418529630', '1997-04-11 00:00:00', 'Inder', 'S', 'Parm'),
(3, 10, 14, '9876543210', '1998-05-14 00:00:00', 'MR.', 'Parm', 'Inder'),
(4, 11, 11, '7412589630', '1997-04-12 00:00:00', 'Mr.', 'User', 'New'),
(5, 8, 15, '5544778899', '1992-04-12 00:00:00', 'Inder', 'Singh', 'Mr');

-- --------------------------------------------------------

--
-- Table structure for table `payment`
--

CREATE TABLE `payment` (
  `card_no` varchar(16) NOT NULL,
  `user_id` int(11) NOT NULL,
  `flight_id` int(11) NOT NULL,
  `expire_date` varchar(5) DEFAULT NULL,
  `amount` int(11) NOT NULL
) ENGINE=InnoDB DEFAULT CHARSET=latin1 COLLATE=latin1_swedish_ci;

--
-- Dumping data for table `payment`
--

INSERT INTO `payment` (`card_no`, `user_id`, `flight_id`, `expire_date`, `amount`) VALUES
('1122334455667788', 8, 12, '08/24', 6578),
('1111222233334444', 10, 12, '08/28', 6578),
('7412589630125478', 10, 14, '07/29', 9546),
('7410852096307412', 11, 11, '02/25', 15600),
('2154789630123654', 8, 15, '08/24', 6895);

-- --------------------------------------------------------

--
-- Table structure for table `pwdreset`
--

CREATE TABLE `pwdreset` (
  `pwd_reset_id` int(11) NOT NULL,
  `pwd_reset_email` varchar(50) NOT NULL,
  `pwd_reset_selector` varchar(80) NOT NULL,
  `pwd_reset_token` varchar(120) NOT NULL,
  `pwd_reset_expires` varchar(20) NOT NULL
) ENGINE=InnoDB DEFAULT CHARSET=latin1 COLLATE=latin1_swedish_ci;

-- --------------------------------------------------------

--
-- Table structure for table `ticket`
--

CREATE TABLE `ticket` (
  `ticket_id` int(11) NOT NULL,
  `passenger_id` int(11) NOT NULL,
  `flight_id` int(11) NOT NULL,
  `user_id` int(11) NOT NULL,
  `seat_no` varchar(10) NOT NULL,
  `cost` int(11) NOT NULL,
  `class` varchar(3) NOT NULL
) ENGINE=InnoDB DEFAULT CHARSET=latin1 COLLATE=latin1_swedish_ci;

--
-- Dumping data for table `ticket`
--

INSERT INTO `ticket` (`ticket_id`, `passenger_id`, `flight_id`, `user_id`, `seat_no`, `cost`, `class`) VALUES
(12, 1, 12, 10, '21B', 6578, 'E'),
(13, 1, 14, 10, '21A', 9546, 'E'),
(14, 1, 11, 11, '21A', 15600, 'E'),
(15, 1, 15, 8, '21A', 6895, 'E');

-- --------------------------------------------------------

--
-- Table structure for table `users`
--

CREATE TABLE `users` (
  `user_id` int(11) NOT NULL,
  `username` varchar(20) NOT NULL,
  `email` varchar(50) NOT NULL,
  `password` varchar(100) NOT NULL
) ENGINE=InnoDB DEFAULT CHARSET=latin1 COLLATE=latin1_swedish_ci;

--
-- Dumping data for table `users`
--

INSERT INTO `users` (`user_id`, `username`, `email`, `password`) VALUES
(8, 'testing', 'is0274317@gmail.com', '$2y$10$wTKKZiY/dL3ZBzoJV0uTLuMqGA57EnPCht1i4N8LZ./j06XvqobYq'),
(10, 'inder', 'sparminder977@gmail.com', '$2y$10$jfXFJjwtEy8QboqjH.yFsO67mQ7mggSuSNgrKE4qAa22Mr/cygRHG'),
(11, 'usernew', 'usernew@gmail.com', '$2y$10$mLt7eB0GrxK2TgoFRGCLFuycfZmVE/PtN9PeVkNq1J6.mTmQbkpe.');

--
-- Indexes for dumped tables
--

--
-- Indexes for table `admin`
--
ALTER TABLE `admin`
  ADD PRIMARY KEY (`admin_id`);

--
-- Indexes for table `airline`
--
ALTER TABLE `airline`
  ADD PRIMARY KEY (`airline_id`);

--
-- Indexes for table `feedback`
--
ALTER TABLE `feedback`
  ADD PRIMARY KEY (`feed_id`);

--
-- Indexes for table `flight`
--
ALTER TABLE `flight`
  ADD PRIMARY KEY (`flight_id`),
  ADD KEY `admin_id` (`admin_id`);

--
-- Indexes for table `passenger_profile`
--
ALTER TABLE `passenger_profile`
  ADD PRIMARY KEY (`passenger_id`),
  ADD KEY `user_id` (`user_id`),
  ADD KEY `flight_id` (`flight_id`);

--
-- Indexes for table `payment`
--
ALTER TABLE `payment`
  ADD KEY `user_id` (`user_id`),
  ADD KEY `flight_id` (`flight_id`);

--
-- Indexes for table `pwdreset`
--
ALTER TABLE `pwdreset`
  ADD PRIMARY KEY (`pwd_reset_id`);

--
-- Indexes for table `ticket`
--
ALTER TABLE `ticket`
  ADD PRIMARY KEY (`ticket_id`),
  ADD KEY `user_id` (`user_id`),
  ADD KEY `flight_id` (`flight_id`),
  ADD KEY `passenger_id` (`passenger_id`);

--
-- Indexes for table `users`
--
ALTER TABLE `users`
  ADD PRIMARY KEY (`user_id`);

--
-- AUTO_INCREMENT for dumped tables
--

--
-- AUTO_INCREMENT for table `admin`
--
ALTER TABLE `admin`
  MODIFY `admin_id` int(11) NOT NULL AUTO_INCREMENT, AUTO_INCREMENT=2;

--
-- AUTO_INCREMENT for table `airline`
--
ALTER TABLE `airline`
  MODIFY `airline_id` int(11) NOT NULL AUTO_INCREMENT, AUTO_INCREMENT=10;

--
-- AUTO_INCREMENT for table `feedback`
--
ALTER TABLE `feedback`
  MODIFY `feed_id` int(11) NOT NULL AUTO_INCREMENT;

--
-- AUTO_INCREMENT for table `flight`
--
ALTER TABLE `flight`
  MODIFY `flight_id` int(11) NOT NULL AUTO_INCREMENT, AUTO_INCREMENT=16;

--
-- AUTO_INCREMENT for table `passenger_profile`
--
ALTER TABLE `passenger_profile`
  MODIFY `passenger_id` int(11) NOT NULL AUTO_INCREMENT, AUTO_INCREMENT=6;

--
-- AUTO_INCREMENT for table `pwdreset`
--
ALTER TABLE `pwdreset`
  MODIFY `pwd_reset_id` int(11) NOT NULL AUTO_INCREMENT;

--
-- AUTO_INCREMENT for table `ticket`
--
ALTER TABLE `ticket`
  MODIFY `ticket_id` int(11) NOT NULL AUTO_INCREMENT, AUTO_INCREMENT=16;

--
-- AUTO_INCREMENT for table `users`
--
ALTER TABLE `users`
  MODIFY `user_id` int(11) NOT NULL AUTO_INCREMENT, AUTO_INCREMENT=12;

--
-- Constraints for dumped tables
--

--
-- Constraints for table `flight`
--
ALTER TABLE `flight`
  ADD CONSTRAINT `flight_ibfk_1` FOREIGN KEY (`admin_id`) REFERENCES `admin` (`admin_id`);

--
-- Constraints for table `passenger_profile`
--
ALTER TABLE `passenger_profile`
  ADD CONSTRAINT `passenger_profile_ibfk_1` FOREIGN KEY (`user_id`) REFERENCES `users` (`user_id`) ON DELETE NO ACTION ON UPDATE NO ACTION,
  ADD CONSTRAINT `passenger_profile_ibfk_2` FOREIGN KEY (`flight_id`) REFERENCES `flight` (`flight_id`) ON DELETE NO ACTION ON UPDATE NO ACTION;

--
-- Constraints for table `payment`
--
ALTER TABLE `payment`
  ADD CONSTRAINT `payment_ibfk_1` FOREIGN KEY (`user_id`) REFERENCES `users` (`user_id`),
  ADD CONSTRAINT `payment_ibfk_2` FOREIGN KEY (`flight_id`) REFERENCES `flight` (`flight_id`);

--
-- Constraints for table `ticket`
--
ALTER TABLE `ticket`
  ADD CONSTRAINT `ticket_ibfk_1` FOREIGN KEY (`user_id`) REFERENCES `users` (`user_id`) ON DELETE NO ACTION ON UPDATE NO ACTION,
  ADD CONSTRAINT `ticket_ibfk_2` FOREIGN KEY (`flight_id`) REFERENCES `flight` (`flight_id`) ON DELETE NO ACTION ON UPDATE NO ACTION;
COMMIT;

/*!40101 SET CHARACTER_SET_CLIENT=@OLD_CHARACTER_SET_CLIENT */;
/*!40101 SET CHARACTER_SET_RESULTS=@OLD_CHARACTER_SET_RESULTS */;
/*!40101 SET COLLATION_CONNECTION=@OLD_COLLATION_CONNECTION */;
